vague,
N, 1000,
Nmarkers, 4,
markers, 1, 4, 2, 3,
fInput, 0.0000000000, 0.0000000000, 300.0000000000, 400.0000000000,
types, Q, Q, D, D,
meshName, /home/carlos/Documents/CSU/CSU/testCases/case6/case6.mshsim,
Nsave, 4,
outName, /home/carlos/Documents/CSU/CSU/testCases/case6/output6.csv,
vague,
fInput1, 0.0000000000, 0.0000000000, 0.0000000000, 0.0000000000,
vague,
fInput4, 0.0000000000, 0.0000000000, 0.0000000000, 0.0000000000,
C, 0.0000000000, 0.0000000000, 3689400.0000000000, 2226000.0000000000,
K, 0.0000000000, 0.0000000000, 43.0000000000, 143.0000000000,
